Title,First published,Last published,Views (period),Likes (period),Comments (period),Shares (period)
"Same-Day Loans for Gig Workers: 5 Providers Compared","2025-07-11","2025-07-11",71,0,0,0
"How to Get a Startup Loan with Only an EIN (No SSN Required)","2026-02-20","2026-02-20",57,0,0,0
"DoorDash Driver Business Loan: How to Qualify Fast (Even With 1099 Income)","2025-07-29","2026-02-17",56,0,0,0
"No Income? No Problem! 3 Banks Offering $100000 in No-Doc Credit for New LLCs","2024-09-03","2024-09-03",28,0,0,0
"8fig Review (2026): Legit Ecommerce Funding or Overhyped?","2026-03-20","2026-03-20",27,0,0,0
"Lendio vs. David Allen Capital Agent Program: Who Pays More in 2026?","2026-03-03","2026-03-06",24,0,0,0
"3 Primary Tradeline Accounts You Can Add to Your Credit Report (2026 Guide)","2026-05-22","2026-05-22",19,0,0,0
"💲No-Credit-Check Gig Worker Loans—Myth or Reality? 💳","2025-07-16","2025-07-22",16,0,0,0
"Is ROK Financial Legit or Too Good to Be True?","2025-08-20","2025-08-20",15,0,0,0
"7 Better Shopify Capital Alternatives for Fast eCommerce Funding","2026-02-22","2026-02-22",13,0,0,0
"Top 7 Vendors That Report to Dun & Bradstreet in 2025","2025-07-01","2025-07-02",13,0,0,0
"Amazon Lending Alternatives (2026): Best Funding Options for Sellers","2025-11-27","2026-02-17",12,0,0,0
"Instant Funding for Gig Workers (2026): Up to $20K Fast","2023-12-27","2026-02-25",11,0,0,0
"Fund&Grow Review 2026: 0% Credit Stacking for Up to $250K","2025-09-08","2026-02-10",11,0,0,0
"Instant Cash Advance for Gig Workers: Lifeline or Income Trap?","2025-12-19","2025-12-19",10,0,0,0
"TikTok Shop Payout Delays: Why You Aren't Getting Paid and How to Survive the 'Viral Curse'","2026-02-19","2026-02-19",9,0,0,0
"Guidant Financial Review (2026): ROBS Financing Explained – Costs Pros & Who Should Use It","2026-04-24","2026-04-24",9,0,0,0
"Loans Like Giggle Finance: 9 Smart Funding Options for Gig Workers Self-Employed Borrowers and Bad-Credit Applicants","2026-04-13","2026-04-13",8,0,0,0
"Gig Worker Loans: The Lifeline Every Seller & Side-Hustler Needs (But Banks Won’t Give)","2025-08-26","2025-08-26",8,0,0,0
"SellersFi Review (2026): Costs Speed & Alternatives","2025-08-27","2026-05-01",7,0,0,0
"Instant Line of Credit for Gig Workers: Fast Options and Requirements","2026-06-03","2026-06-03",7,0,0,0
"Giggle Finance Review (2026): Legit Gig Worker Funding or Expensive Cash Trap?","2026-05-20","2026-05-20",6,0,0,0
"Bank Breezy Review (2026): The 'Meet or Beat' Funding Platform That’s Changing the Game","2026-01-16","2026-01-16",6,0,0,0
"Top 10 Same-Day Business Loan Providers Ranked (2026 Update)","2025-07-14","2026-02-24",6,0,0,0
"No-Doc and Bad Credit Startup Business Loans for Entrepreneurs","2026-06-08","2026-06-08",5,0,0,0
"Gator Lending with Pace Morby: How to Fund Your Hustle Without Begging the Bank","2025-04-04","2025-04-04",5,0,0,0
"Lima One Capital Review: The Loan Shark or the Lifeboat for Real Estate Investors?","2025-03-04","2025-03-04",5,0,0,0
"Instant Loans for Gig Workers: Get Up to $20K Without the Bank Hassle","2025-06-06","2025-06-06",5,0,0,0
"Loan Stacking: Dangerous Trap or Smart Growth Strategy?","2025-08-05","2025-08-05",4,0,0,0
"Giggle Finance vs Dave: Which Cash Advance App Is Better?","2026-05-30","2026-05-30",4,0,0,0
"Loan Broker Affiliate Income: What You Need to Know to Win Big","2026-04-18","2026-04-19",4,0,0,0
"NECA-Approved Business Funding for Electrical Contractors: Same-Day Capital vs. 60-Day Bank Delays","2026-04-06","2026-04-06",4,0,0,0
"AI Content Refresh Automation: How to Update Old Funding Articles Before Rankings Rot","2026-06-24","2026-06-24",3,0,0,0
"Fast Solutions with Same Day Funding Options for Your Business","2026-06-09","2026-06-09",3,0,0,0
"Nav Review 2026: Track PAYDEX & Get Funding-Ready Faster","2026-03-23","2026-03-25",3,0,0,0
"Fast Funding for Small Businesses: An In-Depth Review of DAC","2023-03-14","2023-03-14",3,0,0,0
"SpotLightLoans.com Review (2026): Legit Funding Marketplace or Just Another Aggregator?","2026-06-12","2026-06-12",3,0,0,0
"How to Buy a Business on Empire Flippers (And Actually Get It Funded)","2026-05-05","2026-05-05",3,0,0,0
"Deferred Transactions vs. Account Level Reserve: Why Your Amazon Payout Report Changed in 2026","2026-05-04","2026-05-04",3,0,0,0
"AI Lead Generation for Local Service Businesses: How to Find Funding-Ready Clients Before Your Competitors Do","2026-06-02","2026-06-02",3,0,0,0
"Giggle Finance No Credit Check: Truth Myth and Fine Print","2026-06-11","2026-06-11",3,0,0,0
"Instant Line of Credit for Gig Workers: 2026 Provider Comparison","2025-09-01","2026-02-05",2,0,0,0
"Equipment Financing: A Smart Growth Strategy for Your Small Business","2024-05-06","2024-05-06",2,0,0,0
"Starting a Business Loan Broker Career - Your No-Nonsense Guide","2026-03-05","2026-04-13",2,0,0,0
"Discover Same-Day Funding Options for Your Business","2026-05-27","2026-05-27",2,0,0,0
"Crowdfunding Your First Commercial Property: Platforms to Watch","2025-09-02","2025-09-03",2,0,0,0
"No Doc Startup Business Loans: Fast Funding Without Paperwork","2026-05-26","2026-05-26",2,0,0,0
"Venture Capital for Acquisition Financing: How Startups Can Buy Their Way Into Growth","2025-09-24","2026-02-05",2,0,0,0
"AI Agents for Finance Operations: From Alerts to Action Without Letting the Robot Drive Drunk","2026-06-10","2026-06-10",2,0,0,0
"Giggle Finance Requirements: Who Qualifies and Who Gets Denied?","2026-05-29","2026-05-29",2,0,0,0
"Seller Financing 101: How to Structure a Win-Win Buyout for Retiring Boomers","2025-08-12","2025-08-13",2,0,0,0
"AI Ad Spend Cash Flow: When Your Ads Are Working but Your Bank Account Is Screaming","2026-06-17","2026-06-17",2,0,0,0
"I Want to Buy a Business on Flippa — What Financing Do I Actually Need?","2026-04-10","2026-04-10",2,0,0,0
"Payability Review (2026): Daily Payouts for Amazon & TikTok Sellers — Legit or Expensive?","2026-05-02","2026-05-02",2,0,0,0
"Get Business Funding in 24 Hours: Your Fast Track to Cash Flow Freedom","2026-02-24","2026-02-24",2,0,0,0
"Revenue-Based Buyouts for SaaS Acquisitions: Smarter Financing in 2026","2025-08-19","2026-02-24",2,0,0,0
"How SellersFi’s Working Capital Solutions Can Enhance Your eCommerce Cash Flow","2024-11-01","2024-11-01",2,0,0,0
"Can AI Tell If Your Business Is Fundable? The Funding Readiness Scorecard Explained","2026-05-14","2026-05-14",2,0,0,0
"Finding the Best Unsecured Personal Loans for Startups: No Collateral? No Problem!","2024-12-06","2024-12-06",1,0,0,0
"The No-Doc Startup Loan: How to Fund Your LLC with Personal Credit","2026-02-28","2026-03-06",1,0,0,0
"How to Build a Recession-Proof Money Broker Business (and Help Others Along the Way)","2025-01-27","2025-01-27",1,0,0,0
"Inquiries: Checking Your Credit Can Hurt | Becoming Lendable (4 of 5)","2022-08-25","2022-09-02",1,0,0,0
"Funding Your Startup Dreams: The Ultimate Guide to 2024's Top Options","2024-05-02","2024-05-02",1,0,0,0
"AI Toolkit for Loan Brokers: Unleashing the Power of AI to Transform Your Career 🧠","2025-08-04","2025-08-04",1,0,0,0
"Business Loan Broker Requirements for Beginners (2026)","2026-04-22","2026-04-23",1,0,0,0
"Getting Same-Day Business Financing Simplified","2026-03-09","2026-03-09",1,0,0,0
"Should I Buy Rental Real Estate with Debt? | Using Debt for Properties","2022-07-01","2022-07-01",1,0,0,0
"Instant Micro Funding: What It Is Who Qualifies and How Fast You Get Cash","2025-08-13","2025-08-13",1,0,0,0
"Unleashing the eCommerce Potential with SellersFi - An Honest Review","2023-11-21","2023-11-21",1,0,0,0
"Amazon DD+7 Reserve Policy: How to Bypass the 14-Day Hold & Unlock 'Deferred Transactions' Cash Today","2026-01-29","2026-02-01",1,0,0,0
"Getting Instant Business Loan Quotes: Your Fast Track to Cash Flow","2026-05-01","2026-05-01",1,0,0,0
"Lifting Your Business Up with Uplyft Capital: A Comprehensive Review","2023-03-13","2023-03-13",1,0,0,0
"Micro-SaaS Acquisitions: Funding Options When EBITDA < $500K","2025-09-30","2025-10-01",1,0,0,0
"Top Wix Funding Apps to Supercharge Your Nonprofit Initiatives","2026-02-28","2026-02-28",1,0,0,0
"10 of the Best Online Lenders to Get Funding for ANY Reason","2023-01-09","2023-01-11",1,0,0,0
"Understanding Rates for Revenue-Based Funding","2026-04-16","2026-04-17",1,0,0,0
"Loans for Contractors with Bad Credit: Getting Cash When Banks Say No","2026-04-28","2026-04-28",1,0,0,0
"Ready to Rake in Cash? Uncover the Secrets of Business Loan Affiliate Programs! 🪙","2025-08-15","2025-08-15",1,0,0,0
"The Brutally Honest Guide to Loans for Gig Workers: Why “Traditional” Funding Hates You (and How to Get Cash Anyway)","2025-06-24","2025-06-24",1,0,0,0
"Unlocking Growth Without Giving Up Equity: How Non-Dilutive Funding Powers SaaS Ecommerce and B2B Companies","2024-05-01","2024-05-01",1,0,0,0
"Business Credit Card Stacking Playbook (0% for 12 Months)","2025-11-25","2025-11-25",1,0,0,0
"Contractor Financing With Bad Credit: How to Get Approved Fast (Even With a Low Score)","2026-04-19","2026-04-20",1,0,0,0
"Wix Seller Financing: Funding Options for Wix Stores","2026-04-25","2026-04-25",1,0,0,0
"AI Financial Planning for Small Business Owners Who Can’t Afford a CFO Yet","2026-05-08","2026-05-08",1,0,0,0
"Fund That Flip: A Trailblazer in Crowdfunded Real Estate Investing","2023-05-16","2023-05-16",1,0,0,0
"Term Loans Demystified: Long-Term Growth for Entrepreneurs","2023-12-11","2023-12-11",1,0,0,0
"Empowering Financial Growth: A Deep Dive into DAC's Affiliate Program and Services","2024-03-29","2024-04-02",1,0,0,0
"Your Competitor Just Closed—Here's How to Buy Their Business in 72 Hours (Without a Bank)","2026-02-04","2026-02-04",1,0,0,0
"Upstart Personal Loan Review: Is It The Right Loan For You?","2022-08-04","2023-03-13",1,0,0,0
"Instant Micro Funding – Finally a GPT That Gets It (and Gives It)","2025-04-28","2025-04-28",1,0,0,0
"Which Funding Options are Best for Gig Workers? A Comprehensive Guide","2024-12-05","2024-12-05",1,0,0,0
"Giggle Finance for DoorDash Drivers: Fast Cash or Expensive Shortcut?","2026-06-05","2026-06-05",1,0,0,0
"Mastering Corporate Credit: Your Essential Guide to Prepare and Build it Yourself","2023-07-02","2023-07-02",1,0,0,0
"Funding for Wix Sellers: Top Business Funding Options for Wix Store Owner","2026-06-01","2026-06-01",1,0,0,0
"SBA Loans for Minorities: Overcoming Barriers to Capital in 2026","2026-03-13","2026-03-13",1,0,0,0
"Why Micro-Acquisitions Are the Best-Kept Secret in SMB Investing","2026-04-07","2026-04-07",1,0,0,0
"Small Business Acquisition Loan Guide: How to Buy a Business Without Getting Smoked","2026-02-17","2026-02-17",1,0,0,0
"Microloans: The Small Engines Driving Big Economic Transformations","2024-01-22","2024-01-22",1,0,0,0
"Fix and Flip Your Way to Financial Freedom: A Comprehensive Guide to ROK Financial's Fix-N-Flip Loans","2024-05-23","2024-05-23",1,0,0,0
"The AI Funding Gap Analysis: How to Know When Your Business Needs Capital Before the Bank Laughs You Out of the Room","2026-05-16","2026-05-16",1,0,0,0
