Title,URL,Published
"Food Truck Financing: How to Fund Your Truck, Equipment, Inventory, and Launch Costs",https://www.distilledfunding.com/post/food-truck-financing,6/30/2026
AI Content Refresh Automation: How to Update Old Funding Articles Before Rankings Rot,https://www.distilledfunding.com/post/ai-content-refresh-automation,6/25/2026
AI Ad Spend Cash Flow: When Your Ads Are Working but Your Bank Account Is Screaming,https://www.distilledfunding.com/post/ai-ad-spend-cash-flow,6/17/2026
SpotLightLoans.com Review (2026): Legit Funding Marketplace or Just Another Aggregator?,https://www.distilledfunding.com/post/spotlightloans-review-2026,6/12/2026
"Giggle Finance No Credit Check: Truth, Myth, and Fine Print",https://www.distilledfunding.com/post/giggle-finance-no-credit-check,6/11/2026
AI Agents for Finance Operations: From Alerts to Action Without Letting the Robot Drive Drunk,https://www.distilledfunding.com/post/ai-agents-for-finance-operations,6/10/2026
Fast Solutions with Same Day Funding Options for Your Business,https://www.distilledfunding.com/post/same-day-funding-options,6/9/2026
No-Doc and Bad Credit Startup Business Loans for Entrepreneurs,https://www.distilledfunding.com/post/bad-credit-startup-business-loans,6/8/2026
Giggle Finance for DoorDash Drivers: Fast Cash or Expensive Shortcut?,https://www.distilledfunding.com/post/giggle-finance-for-doordash-drivers,6/5/2026
Instant Line of Credit for Gig Workers: Fast Options and Requirements,https://www.distilledfunding.com/post/instant-line-of-credit-for-gig-workers-fast,6/3/2026
AI Lead Generation for Local Service Businesses: How to Find Funding-Ready Clients Before Your Competitors Do,https://www.distilledfunding.com/post/ai-lead-generation-for-local-service-businesses,6/2/2026
Funding for Wix Sellers: Top Business Funding Options for Wix Store Owner,https://www.distilledfunding.com/post/funding-for-wix-sellers,6/1/2026
Working Capital Business Credit Line: Fast Funding No Collateral,https://www.distilledfunding.com/post/working-capital-business-credit-line,5/31/2026
Giggle Finance vs Dave: Which Cash Advance App Is Better?,https://www.distilledfunding.com/post/giggle-finance-vs-dave,5/30/2026
Giggle Finance Requirements: Who Qualifies and Who Gets Denied?,https://www.distilledfunding.com/post/giggle-finance-requirements,5/29/2026
"AI Finance Tools for Ecommerce Sellers: Inventory, Cash Flow, and the Funding Cliff Nobody Warns You About",https://www.distilledfunding.com/post/ai-finance-tools-ecommerce-sellers,5/29/2026
Giggle Finance Fees: What Does Giggle Finance Really Cost?,https://www.distilledfunding.com/post/giggle-finance-fees,5/28/2026
Discover Same-Day Funding Options for Your Business,https://www.distilledfunding.com/post/same-day-business-funding,5/27/2026
No Doc Startup Business Loans: Fast Funding Without Paperwork,https://www.distilledfunding.com/post/no-doc-startup-business-loans,5/26/2026
How Loan Brokers Can Use AI Without Becoming Spam Goblins,https://www.distilledfunding.com/post/how-loan-brokers-can-use-ai,5/25/2026
3 Primary Tradeline Accounts You Can Add to Your Credit Report (2026 Guide),https://www.distilledfunding.com/post/3-primary-tradeline-accounts,5/22/2026
Giggle Finance Plaid Bank Connection: Is It Safe to Link Your Account,https://www.distilledfunding.com/post/giggle-finance-plaid-bank-connection,5/21/2026
"AI CRM Automation for Loan Brokers: Follow-Up Systems That Don’t Forget, Flake, or Need a Pep Talk",https://www.distilledfunding.com/post/ai-crm-automation-for-loan-brokers,5/20/2026
Giggle Finance Review (2026): Legit Gig Worker Funding or Expensive Cash Trap?,https://www.distilledfunding.com/post/giggle-finance-review-2026,5/20/2026
Exploring Revenue-Based Financing Solutions: Leveraging Revenue Financing to Fuel Your Hustle,https://www.distilledfunding.com/post/exploring-revenue-based-financing-solutions,5/19/2026
Unsecured Business Lines of Credit Demystified: Your Guide to Non-Collateral Business Credit,https://www.distilledfunding.com/post/unsecured-business-lines-of-credit-demystified,5/18/2026
The AI Funding Gap Analysis: How to Know When Your Business Needs Capital Before the Bank Laughs You Out of the Room,https://www.distilledfunding.com/post/ai-funding-gap-analysis,5/16/2026
Business Acquisition Financing: What You Need to Know,https://www.distilledfunding.com/post/business-acquisition-financing,5/15/2026
Can AI Tell If Your Business Is Fundable? The Funding Readiness Scorecard Explained,https://www.distilledfunding.com/post/ai-funding-readiness-scorecard,5/14/2026
AI Cash Flow Forecasting for Small Businesses: How to Spot a Funding Gap Before It Punches You in the Face,https://www.distilledfunding.com/post/ai-cash-flow-forecasting-for-small-businesses,5/13/2026
Quick Cash for Gig Workers: Fast Funding Solutions,https://www.distilledfunding.com/post/quick-cash-for-gig-workers,5/12/2026
Fairfax County Business Funding: Fast Capital from Moonshine Capital,https://www.distilledfunding.com/post/fairfax-county-business-funding,5/11/2026
AI Financial Planning for Small Business Owners Who Can’t Afford a CFO Yet,https://www.distilledfunding.com/post/ai-financial-planning-for-small-business-owners,5/8/2026
Unsecured Business Lines of Credit: Fast Funding Guide,https://www.distilledfunding.com/post/unsecured-business-lines-of-credit,5/7/2026
The SBA 7(a) Loan Playbook for First-Time Business Buyers,https://www.distilledfunding.com/post/the-sba-7-a-loan-playbook,5/6/2026
How to Buy a Business on Empire Flippers (And Actually Get It Funded),https://www.distilledfunding.com/post/how-to-buy-a-business-on-empire-flippers,5/5/2026
Deferred Transactions vs. Account Level Reserve: Why Your Amazon Payout Report Changed in 2026,https://www.distilledfunding.com/post/amazon-deferred-transactions-vs-account-level-reserve,5/4/2026
Payability Review (2026): Daily Payouts for Amazon & TikTok Sellers — Legit or Expensive?,https://www.distilledfunding.com/post/payability-review-2026,5/2/2026
Getting Instant Business Loan Quotes: Your Fast Track to Cash Flow,https://www.distilledfunding.com/post/getting-instant-business-loan-quotes,5/1/2026
Moonshine Capital Explained: Fairfax County's Financial Tale,https://www.distilledfunding.com/post/moonshine-capital-explained,4/30/2026
How to Start as Loan Broker and Dominate the Business Loan Market,https://www.distilledfunding.com/post/how-to-start-as-loan-broker,4/29/2026
"Merchant Cash Advance vs. Bank Loan: A Side-by-Side Comparison of Speed, Cost, and Approval Odds",https://www.distilledfunding.com/post/merchant-cash-advance-vs-bank-loan,4/29/2026
Loans for Contractors with Bad Credit: Getting Cash When Banks Say No,https://www.distilledfunding.com/post/loans-for-contractors-with-bad-credit,4/28/2026
Understanding Instant Loan Quotes for Your Business,https://www.distilledfunding.com/post/instant-business-loan-quotes,4/27/2026
Wix Seller Financing: Funding Options for Wix Stores,https://www.distilledfunding.com/post/wix-seller-financing,4/25/2026
"Guidant Financial Review (2026): ROBS Financing Explained – Costs, Pros & Who Should Use It",https://www.distilledfunding.com/post/guidant-financial-review-2026,4/24/2026
Business Credit Builders: Your Path to Stronger Finances with Business Credit Improvement Tools,https://www.distilledfunding.com/post/business-credit-builders,4/23/2026
Business Loan Broker Requirements for Beginners (2026),https://www.distilledfunding.com/post/business-loan-broker-requirements-for-beginners-2026,4/22/2026
Fast Business Funding: Get Your Instant Business Loan Quote Today,https://www.distilledfunding.com/post/fast-business-funding,4/21/2026
How a Small Business Loan Broker Helps You Win Fast Capital,https://www.distilledfunding.com/post/small-business-loan-broker,4/20/2026
Insights from Our Entrepreneur Pitch Event Key Takeaways and Success Stories for Aspiring Founders,https://www.distilledfunding.com/post/insights-from-our-entrepreneur-pitch-event,4/19/2026
Contractor Financing With Bad Credit: How to Get Approved Fast (Even With a Low Score),https://www.distilledfunding.com/post/contractor-financing-with-bad-credit,4/19/2026
Exploring Business Loans for Poor Credit: What You Need to Know,https://www.distilledfunding.com/post/exploring-business-loans-for-poor-credit,4/18/2026
Loan Broker Affiliate Income: What You Need to Know to Win Big,https://www.distilledfunding.com/post/loan-broker-affiliate-income,4/18/2026
Best Trucking Loans for Owner-Operators with Bad Credit,https://www.distilledfunding.com/post/best-trucking-loans-for-owner-operators-with-bad-credit,4/17/2026
Starting a Commercial Loan Broker Business: Your Fast Track to Speed Capital,https://www.distilledfunding.com/post/starting-a-commercial-loan-broker-business,4/17/2026
Why Partnering with Moonshine Capital is the Best Home-Based Business Opportunity,https://www.distilledfunding.com/post/best-home-based-business-opportunity,4/17/2026
Understanding Rates for Revenue-Based Funding,https://www.distilledfunding.com/post/understanding-rates-for-revenue-based-funding,4/16/2026
Understanding No-Collateral Business Funding: What You Need to Know,https://www.distilledfunding.com/post/understanding-no-collateral-business-funding-what-you-need-to-know,4/16/2026
Get Instant Business Loan Quotes Online: Your Fast Track to Cash Flow Freedom,https://www.distilledfunding.com/post/get-instant-business-loan-quotes-online-your-fast-track-to-cash-flow-freedom,4/16/2026
Discover Quick Cash Solutions for Gig Workers: Quick Funding for Freelancers,https://www.distilledfunding.com/post/discover-quick-cash-solutions-for-gig-workers-quick-funding-for-freelancers,4/16/2026
Instant Business Funding: Same-Day Business Funding Solutions for the Hustlers Who Need It Now,https://www.distilledfunding.com/post/instant-business-funding-same-day-business-funding-solutions-for-the-hustlers-who-need-it-now,4/15/2026
Contractor Loans Bad Credit: How to Get Funded When Banks Say No,https://www.distilledfunding.com/post/contractor-loans-bad-credit,4/15/2026
Fast Gig Worker Loans: Fast Cash Solutions for Gig Workers,https://www.distilledfunding.com/post/fast-gig-worker-loans,4/14/2026
How to Start a Loan Broker Career and Become a Successful Business Loan Broker,https://www.distilledfunding.com/post/how-to-start-a-loan-broker-career,4/14/2026
"Loans Like Giggle Finance: 9 Smart Funding Options for Gig Workers, Self-Employed Borrowers, and Bad-Credit Applicants",https://www.distilledfunding.com/post/loans-like-giggle-finance,4/13/2026
I Want to Buy a Business on Flippa — What Financing Do I Actually Need?,https://www.distilledfunding.com/post/how-to-finance-a-flippa-business,4/10/2026
Why the National Electrical Contractors Association (NECA) Endorses Alternative Funding over Banks,https://www.distilledfunding.com/post/why-the-national-electrical-contractors-association-neca-endorses-alternative-funding-over-banks,4/9/2026
Why Micro-Acquisitions Are the Best-Kept Secret in SMB Investing,https://www.distilledfunding.com/post/why-micro-acquisitions-are-the-best-kept-secret-in-smb-investing,4/7/2026
NECA-Approved Business Funding for Electrical Contractors: Same-Day Capital vs. 60-Day Bank Delays,https://www.distilledfunding.com/post/neca-approved-business-funding-for-electrical-contractors,4/6/2026
Business Credit Workshop Review (2026): Legit Course or Overhyped? Real Costs & Who It's For,https://www.distilledfunding.com/post/business-credit-workshop-review-2026,4/3/2026
Fast Business Funding: How to Get Approved in 24–48 Hours (Without Getting Burned),https://www.distilledfunding.com/post/fast-business-funding-24-48-hours,3/30/2026
Uber Driver Business Loans: Approval Tips When Your Income Is Irregular,https://www.distilledfunding.com/post/uber-driver-business-loans,3/25/2026
Business Loan Intermediary: How a Loan Broker Gets You Fast Capital,https://www.distilledfunding.com/post/business-loan-intermediary,3/24/2026
Nav Review 2026: Track PAYDEX & Get Funding-Ready Faster,https://www.distilledfunding.com/post/nav-review-2026,3/23/2026
8fig Review (2026): Legit Ecommerce Funding or Overhyped?,https://www.distilledfunding.com/post/8fig-review-2026,3/20/2026
How to Build Business Credit: Steps That Actually Work,https://www.distilledfunding.com/post/how-to-build-business-credit-1,3/18/2026
DSCR Loans for Rental Portfolios: How Investors Scale Faster,https://www.distilledfunding.com/post/dscr-loans-for-rental-portfolios,3/17/2026
The Loan Broker’s Guide to Residual Commissions and Long-Term Equity,https://www.distilledfunding.com/post/the-loan-broker-s-guide-to-residual-commissions-and-long-term-equity,3/16/2026
SBA Loans for Minorities: Overcoming Barriers to Capital in 2026,https://www.distilledfunding.com/post/sba-loans-for-minorities-overcoming-barriers-to-capital-in-2026,3/13/2026
Credit Card Stacking Strategies for Startups: Risk vs. Reward,https://www.distilledfunding.com/post/credit-card-stacking-strategies,3/12/2026
Business Acquisition Loans: How to Finance Buying a Small Business,https://www.distilledfunding.com/post/business-acquisition-loans,3/11/2026
Commercial Loan Broker Training: How to Close Your First Deal,https://www.distilledfunding.com/post/commercial-loan-broker-training,3/10/2026
Getting Same-Day Business Financing Simplified,https://www.distilledfunding.com/post/same-day-business-financing,3/9/2026
Buying Businesses with Loans: Small Business Acquisition Loans Explained,https://www.distilledfunding.com/post/small-business-acquisition-loans-explained,3/6/2026
Starting a Business Loan Broker Career - Your No-Nonsense Guide,https://www.distilledfunding.com/post/starting-a-business-loan-broker-career,3/5/2026
Nontraditional Business Funding: How to Get Cash When Banks Say No,https://www.distilledfunding.com/post/nontraditional-business-funding,3/4/2026
Lendio vs. David Allen Capital Agent Program: Who Pays More in 2026?,https://www.distilledfunding.com/post/lendio-vs-david-allen-capital-agent-program-who-pays-more-in-2026,3/3/2026
Insurance Agents: Stop Losing Trucking Renewals to Cash Flow (The Premium Finance Secret),https://www.distilledfunding.com/post/insurance-agents-stop-losing-trucking-renewals-to-cash-flow-the-premium-finance-secret,3/2/2026
Getting a Business Loan Approved: Securing a Business Loan Made Easy,https://www.distilledfunding.com/post/getting-a-business-loan-approved,3/1/2026
Top Wix Funding Apps to Supercharge Your Nonprofit Initiatives,https://www.distilledfunding.com/post/top-wix-funding-apps,2/28/2026
"The ""No-Doc"" Startup Loan: How to Fund Your LLC with Personal Credit",https://www.distilledfunding.com/post/the-no-doc-startup-loan,2/28/2026
Flexible No Collateral Credit Lines: Your Secret Weapon for Fast Business Cash,https://www.distilledfunding.com/post/flexible-no-collateral-business-credit-lines,2/27/2026
Moonshine Capital: Innovative Business Financing for the Hustlers Who Keep America Moving,https://www.distilledfunding.com/post/innovative-business-financing,2/26/2026
Small Business Acquisition Loans and Buying Business Loans Demystified,https://www.distilledfunding.com/post/small-business-acquisition-loans,2/26/2026
Quick Small Business Loans: Your No-Nonsense Guide to Fast Capital,https://www.distilledfunding.com/post/guide-to-fast-capital,2/25/2026
Get Business Funding in 24 Hours: Your Fast Track to Cash Flow Freedom,https://www.distilledfunding.com/post/get-business-funding-in-24-hours,2/24/2026
The Soft Pull Construction Loans Guide: Protect Your Personal Credit Score,https://www.distilledfunding.com/post/soft-pull-construction-loans-guide,2/23/2026
7 Better Shopify Capital Alternatives for Fast eCommerce Funding,https://www.distilledfunding.com/post/shopify-capital-alternatives,2/22/2026
How to Get a Startup Loan with Only an EIN (No SSN Required),https://www.distilledfunding.com/post/startup-loan-with-only-an-ein,2/20/2026
TikTok Shop Payout Delays: Why You Aren't Getting Paid and How to Survive the 'Viral Curse',https://www.distilledfunding.com/post/tiktok-shop-payout-delays,2/19/2026
Fast-Track Quick Small Business Loans: Your No-Nonsense Guide to Speedy Capital,https://www.distilledfunding.com/post/quick-small-business-loans,2/18/2026
Small Business Acquisition Loan Guide: How to Buy a Business Without Getting Smoked,https://www.distilledfunding.com/post/small-business-acquisition-loan-guide,2/17/2026
Starting Your Commercial Loan Broker Business - A Beginner Loan Broker Guide,https://www.distilledfunding.com/post/loan-broker-guide,2/16/2026
"How to Finance Inventory Without a Credit Check: The ""Supply Chain Health"" Method",https://www.distilledfunding.com/post/finance-inventory-without-credit-check,2/13/2026
Is Payability a Scam? The Math of Inventory Velocity vs. The 2% Fee,https://www.distilledfunding.com/post/is-payability-a-scam,2/12/2026
Is Your MCA Killing Your Business? The Math Behind 1.4x Factor Rates vs 8fig's Flat Fee,https://www.distilledfunding.com/post/8fig-s-flat-fee-vs-mca,2/11/2026
Understanding Business Loans for Poor Credit: What You Need to Know,https://www.distilledfunding.com/post/understanding-business-loans-for-poor-credit,2/10/2026
Hard Money vs. Bank Loans: Why 'Expensive' Money is Cheaper for Flippers,https://www.distilledfunding.com/post/hard-money-vs-bank-loans-for-flippers,2/9/2026
Your Competitor Just Closed—Here's How to Buy Their Business in 72 Hours (Without a Bank),https://www.distilledfunding.com/post/your-competitor-just-closed-here-s-how-to-buy-their-business-in-72-hours-without-a-bank,2/4/2026
Inventory vs. Cash Flow: Why You Should Finance Your Bulk Food Orders Instead of Paying Cash,https://www.distilledfunding.com/post/restaurant-inventory-financing,2/3/2026
Steal Our Funding Agency Automations (10 Free n8n Templates),https://www.distilledfunding.com/post/funding-agency-automation-n8n-templates,2/2/2026
Factor Rate vs APR: What Small Business Owners Need to Know Before Borrowing,https://www.distilledfunding.com/post/factor-rate-vs-apr-what-small-business-owners-need-to-know-before-borrowing,2/1/2026
Inventory Financing for Ecommerce: How It Works + Who It's For,https://www.distilledfunding.com/post/inventory-financing-for-ecommerce,1/30/2026
Amazon DD+7 Reserve Policy: How to Bypass the 14-Day Hold & Unlock 'Deferred Transactions' Cash Today,https://www.distilledfunding.com/post/amazon-dd-7-reserve-policy,1/29/2026
The Business Funding Blueprint: Mapping Capital to Growth,https://www.distilledfunding.com/post/the-business-funding-blueprint,1/28/2026
Why Wayflyer Rejected Your Business (And Why Onramp Won't),https://www.distilledfunding.com/post/why-wayflyer-rejected-your-business-and-why-onramp-won-t,1/27/2026
Bridging the Gap: Tailoring Capital to the Entrepreneurial Journey,https://www.distilledfunding.com/post/bridging-the-gap-tailoring-capital-to-the-entrepreneurial-journey,1/26/2026
Net-30/60/90 Isn’t “Standard”—It’s a Loan You’re Giving Clients,https://www.distilledfunding.com/post/net-60-terms-cash-flow,1/23/2026
The Growth Stack for Subscription Brands,https://www.distilledfunding.com/post/the-growth-stack-for-subscription-brands,1/22/2026
The Private Practice Tipping Point: How to Offset Medicare Fee Cuts with Revenue-Based Cash Flow,https://www.distilledfunding.com/post/the-private-practice-tipping-point-how-to-offset-medicare-fee-cuts-with-revenue-based-cash-flow,1/20/2026
Understanding Revenue-Backed Business Loans for Growth,https://www.distilledfunding.com/post/revenue-backed-business-loans,1/20/2026
AI Lead Generation for Brokers: Rank Top 3 in 30 Days (Zero Budget),https://www.distilledfunding.com/post/ai-lead-generation-for-brokers,1/19/2026
Flexible Financing: Non-Collateral Business Credit That Works,https://www.distilledfunding.com/post/non-collateral-business-credit,1/19/2026
Bank Breezy Review (2026): The 'Meet or Beat' Funding Platform That’s Changing the Game,https://www.distilledfunding.com/post/bank-breezy-review-2026,1/16/2026
Wayflyer vs. 8fig vs. Clearco: The Hidden Cost of Daily Repayments Revealed (2026 Data),https://www.distilledfunding.com/post/wayflyer-vs-8fig-vs-clearco-the-hidden-cost-of-daily-repayments-revealed-2026-data,1/15/2026
Short Term Business Funding Explained: Quick Funding Options for Hustlers Who Need Cash Now,https://www.distilledfunding.com/post/short-term-business-funding-explained,1/14/2026
Speedy Startup Funding Solutions That Actually Work,https://www.distilledfunding.com/post/speedy-startup-funding-solutions-that-actually-work,1/13/2026
Crafting a Winning Business Plan: Your Blueprint for Business Plan Creation,https://www.distilledfunding.com/post/blueprint-for-business-plan-creation,1/12/2026
"Winning the Bid vs. Funding the Bid: How to Secure Material Financing for ""Firm Capacity"" Grid Projects",https://www.distilledfunding.com/post/material-financing-for-grid-projects,1/10/2026
"The ""EV Charger"" Trap: Why You Need Upfront Capital for Charging Station Contracts Before the First Check Clears",https://www.distilledfunding.com/post/ev-charging-station-funding-for-contractors,1/8/2026
Marketing Money: How to Finance a Facebook Ad Campaign to Double Your Leads.,https://www.distilledfunding.com/post/marketing-money-how-to-finance-a-facebook-ad-campaign-to-double-your-leads,1/7/2026
"The ""Soft Pull"" Secret: How to Check Your Funding Eligibility Without Hurting Your Credit Score",https://www.distilledfunding.com/post/the-soft-pull-secret-how-to-check-your-funding-eligibility-without-hurting-your-credit-score,1/6/2026
Onramp vs Payability vs 8fig (2026): Which Seller Funding Model Fits Your Business?,https://www.distilledfunding.com/post/onramp-vs-payability-vs-8fig,1/5/2026
How to Finance Buying an Existing Business (Micro-Acquisition Funding Playbook),https://www.distilledfunding.com/post/finance-buying-an-existing-business-micro-acquisition-funding,1/2/2026
Understanding Instant Lines of Credit for Gig Workers,https://www.distilledfunding.com/post/instant-line-of-credit-for-gig-workers-truth-vs-hype-2026,12/26/2025
"How to Finance Your Online Business Acquisition (Content, SaaS & E-commerce)",https://www.distilledfunding.com/post/how-to-finance-your-online-business-acquisition-content-saas-e-commerce,12/24/2025
"Get Real Numbers, Not Guesses, with a Personalized Funding Quote",https://www.distilledfunding.com/post/get-a-personalized-funding-quote,12/23/2025
"Building Business Credit as a Gig Worker (Yes, It’s Possible)",https://www.distilledfunding.com/post/building-business-credit-as-a-gig-worker,12/22/2025
Instant Cash Advance for Gig Workers: Lifeline or Income Trap?,https://www.distilledfunding.com/post/instant-cash-advance-for-gig-workers-lifeline-or-income-trap,12/19/2025
"How to Get Paid Real Money as a Small Business Loan Broker (No Fluff, No BS)",https://www.distilledfunding.com/post/how-to-get-paid-real-money-as-a-small-business-loan-broker-no-fluff-no-bs,12/18/2025
Debt Financing vs. Equity Funding for Marketplace Sellers,https://www.distilledfunding.com/post/debt-financing-vs-equity-funding-for-marketplace-sellers,12/17/2025
How to Turn Your Gig Income into a Real Business (and Qualify for Better Funding),https://www.distilledfunding.com/post/gig-worker-business-funding,12/16/2025
"Broker-in-a-Box vs. Building Your Own Shop: Pros, Cons, and Hidden Traps",https://www.distilledfunding.com/post/broker-in-a-box-vs-diy,12/15/2025
Acquisition Financing for Small Businesses: How to Fund a Buyout Without Lighting Your Hair on Fire,https://www.distilledfunding.com/post/acquisition-financing-for-small-businesses,12/13/2025
How We Structured the Moonshine Capital Partner Program (So You’re Not Just a Lead Mule),https://www.distilledfunding.com/post/how-we-structured-the-moonshine-capital-partner-program-so-you-re-not-just-a-lead-mule,12/10/2025
How to Build a Commission-Only Sales Team: The No-BS Blueprint for Recruiting and Leading Sub-Brokers,https://www.distilledfunding.com/post/how-to-build-a-commission-only-sales-team-the-no-bs-blueprint-for-recruiting-and-leading-sub-broker,12/9/2025
The Best Fix and Flip Loans for 2026: Why Kiavi is the Real Investor’s Edge,https://www.distilledfunding.com/post/best-fix-and-flip-loans-for-2026,12/5/2025
Business Funding Options Explained: Smarter Ways to Fund Your Business in 2025,https://www.distilledfunding.com/post/business-funding-options-explained-smarter-ways-to-fund-your-business-in-2025,12/2/2025
Amazon Lending Alternatives (2026): Best Funding Options for Sellers,https://www.distilledfunding.com/post/amazon-lending-vs-alternatives,11/27/2025
Business Credit Card Stacking Playbook (0% for 12 Months),https://www.distilledfunding.com/post/business-credit-card-stacking-playbook-0-for-12-months,11/25/2025
Understanding How SBA Loans Work for Your Business,https://www.distilledfunding.com/post/understanding-how-sba-loans-work,11/24/2025
Understanding the Essentials of Commercial Real Estate Financing,https://www.distilledfunding.com/post/understanding-the-essentials-of-commercial-real-estate-financing,11/21/2025
Exploring Alternative Funding Solutions for Entrepreneurs,https://www.distilledfunding.com/post/exploring-alternative-funding-solutions,11/20/2025
Advantages of SBA Loans for Small Businesses,https://www.distilledfunding.com/post/advantages-of-sba-loans-for-small-businesses,11/17/2025
Micro-SaaS Acquisitions: Funding Options When EBITDA < $500K,https://www.distilledfunding.com/post/micro-saas-acquisitions-funding-options-when-ebitda-500k,9/30/2025
Venture Capital for Acquisition Financing: How Startups Can Buy Their Way Into Growth,https://www.distilledfunding.com/post/venture-capital-for-acquisition-financing,9/24/2025
Equipment Financing for Gig-Economy Contractors,https://www.distilledfunding.com/post/equipment-financing-for-gig-economy-contractors,9/15/2025
Lima One Capital Alternatives for Small Investors (Faster & Cheaper?),https://www.distilledfunding.com/post/lima-one-capital-alternatives,9/9/2025
Fund&Grow Review 2026: 0% Credit Stacking for Up to $250K,https://www.distilledfunding.com/post/fundandgrow-review,9/8/2025
Small Business Acquisition Loans: Fast Approval for Serious Buyers,https://www.distilledfunding.com/post/small-business-acquisition-loans-fast-approval-for-serious-buyers,9/4/2025
Crowdfunding Your First Commercial Property: Platforms to Watch,https://www.distilledfunding.com/post/crowdfunding-your-first-commercial-property-platforms-to-watch,9/2/2025
Instant Line of Credit for Gig Workers: 2026 Provider Comparison,https://www.distilledfunding.com/post/instant-line-of-credit-for-gig-workers,9/1/2025
Shopify Working Capital Loans in 2026: The Secret Weapon for DTC Brands Scaling to 7 Figures,https://www.distilledfunding.com/post/shopify-working-capital-loans-in-2026,8/29/2025
Government Grants vs Business Loans: What’s Faster in 2025?,https://www.distilledfunding.com/post/government-grants-vs-business-loans-what-s-faster-in-2025,8/29/2025
"SellersFi Review (2026): Costs, Speed & Alternatives",https://www.distilledfunding.com/post/sellersfi-review-2026,8/27/2025
Gig Worker Loans: The Lifeline Every Seller & Side-Hustler Needs (But Banks Won’t Give),https://www.distilledfunding.com/post/gig-worker-loans-the-lifeline-every-seller-side-hustler-needs-but-banks-won-t-give,8/26/2025
Revenue‑Based Financing Myths Debunked,https://www.distilledfunding.com/post/revenue-based-financing-myths-debunked,8/25/2025
Viably Line of Credit: Flexible Funding for E-Commerce Growth,https://www.distilledfunding.com/post/viably-line-of-credit-flexible-funding-for-e-commerce-growth,8/25/2025
Key Insights into Fix and Flip Financing for Real Estate Investors,https://www.distilledfunding.com/post/fix-and-flip-financing-for-real-estate-investors,8/23/2025
The Untold Truth About Loan Broker Commissions That's Breaking Your Wallet 🧨,https://www.distilledfunding.com/post/the-truth-about-loan-broker-commissions,8/22/2025
How 8fig Growth Funding Helps eCommerce Brands Scale,https://www.distilledfunding.com/post/how-8fig-growth-funding-helps-ecommerce-brands-scale,8/21/2025
Is ROK Financial Legit or Too Good to Be True?,https://www.distilledfunding.com/post/is-rok-financial-legit-or-too-good-to-be-true,8/20/2025
Revenue-Based Buyouts for SaaS Acquisitions: Smarter Financing in 2026,https://www.distilledfunding.com/post/revenue-based-buyouts-for-saas-acquisitions,8/19/2025
Prompt Engineering for Finance Pros: 10 Prompts That Outperform a Junior Analyst,https://www.distilledfunding.com/post/prompt-engineering-for-finance-pros-10-prompts-that-outperform-a-junior-analyst,8/18/2025
Ready to Rake in Cash? Uncover the Secrets of Business Loan Affiliate Programs! 🪙,https://www.distilledfunding.com/post/ready-to-rake-in-cash-uncover-the-secrets-of-business-loan-affiliate-programs,8/15/2025
Separate Business Bank Accounts: Why Not Having One Could Be Your Biggest Mistake Yet!,https://www.distilledfunding.com/post/separate-business-bank-accounts,8/14/2025
"Instant Micro Funding: What It Is, Who Qualifies, and How Fast You Get Cash",https://www.distilledfunding.com/post/instant-micro-funding-what-it-is-who-qualifies-and-how-fast-you-get-cash,8/13/2025
Seller Financing 101: How to Structure a Win-Win Buyout for Retiring Boomers,https://www.distilledfunding.com/post/seller-financed-acquisition,8/12/2025
No-PG Business Lines of Credit: Myth or Legit Opportunity?,https://www.distilledfunding.com/post/no-personal-guarantee-loc,8/8/2025
Zapier vs Make.com: Which Automation Saves Loan Brokers More Time?,https://www.distilledfunding.com/post/zapier-vs-make-com-which-automation-saves-loan-brokers-more-time,8/7/2025
Capital-as-a-Service: Why SaaS Platforms Are Becoming the Next Lenders,https://www.distilledfunding.com/post/capital-as-a-service-why-saas-platforms-are-becoming-the-next-lenders,8/6/2025
Loan Stacking: Dangerous Trap or Smart Growth Strategy?,https://www.distilledfunding.com/post/loan-stacking,8/5/2025
AI Toolkit for Loan Brokers: Unleashing the Power of AI to Transform Your Career 🧠,https://www.distilledfunding.com/post/ai-toolkit-for-loan-brokers-unleashing-the-power-of-ai-to-transform-your-career,8/4/2025
E-commerce Financing vs Revenue-Based Financing: Which Is Cheaper in 2025?,https://www.distilledfunding.com/post/e-commerce-financing-vs-revenue-based-financing-which-is-cheaper-in-2025,7/31/2025
DoorDash Driver Business Loan: How to Qualify Fast (Even With 1099 Income),https://www.distilledfunding.com/post/doordash-drivers-business-loan,7/29/2025
VCs Are Just Payday Lenders in Patagonia Vests—Here’s a Better Way to Fund Your Dream,https://www.distilledfunding.com/post/vcs-are-just-payday-lenders-in-patagonia-vests-here-s-a-better-way-to-fund-your-dream,7/28/2025
Creative SME Acquisition Financing Under $5M: 7 Structures That Beat SBA Red Tape,https://www.distilledfunding.com/post/creative-sme-acquisition-financing-under-5m-7-structures-that-beat-sba-red-tape,7/21/2025
💲No-Credit-Check Gig Worker Loans—Myth or Reality? 💳,https://www.distilledfunding.com/post/no-credit-check-gig-worker-loans-myth-or-reality,7/16/2025
Top 10 Same-Day Business Loan Providers Ranked (2026 Update),https://www.distilledfunding.com/post/top-10-same-day-business-loan-providers-2026,7/14/2025
Same-Day Loans for Gig Workers: 5 Providers Compared,https://www.distilledfunding.com/post/same-day-loans-for-gig-workers-5-providers-compared,7/11/2025
AI Tools for Loan Brokers 2025: 10 Smart Assistants to Turbocharge Deal Flow,https://www.distilledfunding.com/post/ai-tools-for-loan-brokers-2025-10-smart-assistants-to-turbocharge-deal-flow,7/10/2025
Loan Broker Mistakes That Torch Your Pipeline: 7 Rookie Errors to Nuke in Week 1,https://www.distilledfunding.com/post/7-loan-broker-mistakes,7/9/2025
Revenue-Based Acquisition Financing: An SBA Alternative for Ecommerce Brand Buyers,https://www.distilledfunding.com/post/revenue-based-acquisition-financing-an-sba-alternative-for-ecommerce-brand-buyers,7/8/2025
5 Secrets to Crafting Irresistible Funding Offers That Make Prospects Feel Stupid Saying “No”,https://www.distilledfunding.com/post/5-secrets-to-crafting-irresistible-funding-offers-that-make-prospects-feel-stupid-saying-no,7/7/2025
Web3 Business Credit 2025: How Decentralized Scores Are Disrupting Lending Forever,https://www.distilledfunding.com/post/web3-business-credit-2025,7/4/2025
API-First Lending: How Embedded Finance Powers Ecommerce Funding,https://www.distilledfunding.com/post/api-first-lending-how-embedded-finance-powers-ecommerce-funding,7/3/2025
Loan Broker LinkedIn Strategy Hacks 2025: Dominate Leads & Crush Quotas,https://www.distilledfunding.com/post/loan-broker-linkedin-strategy,7/2/2025
Top 7 Vendors That Report to Dun & Bradstreet in 2025,https://www.distilledfunding.com/post/7-vendors-that-report-to-dun-and-bradstreet,7/1/2025
401(k) Business Financing: Smarter Than an SBA Loan in 2025?,https://www.distilledfunding.com/post/401k-business-financing-vs-sba-loan,6/30/2025
How to Start a Commercial Loan Broker Business in 2026 (and Earn Residual Commissions),https://www.distilledfunding.com/post/how-to-start-a-commercial-loan-broker-business-in-2026,6/26/2025
The Brutally Honest Guide to Loans for Gig Workers: Why “Traditional” Funding Hates You (and How to Get Cash Anyway),https://www.distilledfunding.com/post/loans-for-gig-workers-truth-about-funding,6/24/2025
How to Break Free from Your 9-to-5 and Dominate the Loan Broker Affiliate Game in 2025,https://www.distilledfunding.com/post/how-to-break-free-from-your-9-to-5-and-dominate-the-loan-broker-affiliate-game-in-2025,6/13/2025
"💣 When VCs Ghost You, This Bot Doesn’t: Why VC Backup Plan GPT Might Save Your Business (and Your Sanity)",https://www.distilledfunding.com/post/when-vcs-ghost-you-this-bot-doesn-t-why-vc-backup-plan-gpt-might-save-your-business-and-your-s,6/9/2025
Instant Loans for Gig Workers: Get Up to $20K Without the Bank Hassle,https://www.distilledfunding.com/post/instant-loans-for-gig-workers-get-up-to-20k-without-the-bank-hassle,6/6/2025
Why 8fig Might Be the Only Thing Standing Between You and Total Burnout (or a Billion-Dollar Exit),https://www.distilledfunding.com/post/why-8fig-might-be-the-only-thing-standing-between-you-and-total-burnout-or-a-billion-dollar-exit,6/2/2025
🔥 Game Plan: The Unfiltered Truth About Building Your Funding Empire (Before the Rent’s Late Again) 🔥,https://www.distilledfunding.com/post/game-plan-the-unfiltered-truth-about-building-your-funding-empire-before-the-rent-s-late-again,5/30/2025
"Profit Isn’t the Goal—It’s the Weapon: Why Dual Pricing Isn’t About Saving, It’s About Dominating",https://www.distilledfunding.com/post/profit-isn-t-the-goal-it-s-the-weapon-why-dual-pricing-isn-t-about-saving-it-s-about-dominating,5/29/2025
"You’re Bleeding Money, and It’s Your Fault: The Brutal Truth About Payment Processing",https://www.distilledfunding.com/post/you-re-bleeding-money-and-it-s-your-fault-the-brutal-truth-about-payment-processing,5/28/2025
Casca: The AI Loan Assistant That’s Dragging SBA Lending Out of the Stone Age,https://www.distilledfunding.com/post/casca-the-ai-loan-assistant-that-s-dragging-sba-lending-out-of-the-stone-age,5/27/2025
💥 Big Banks Said No. Henry Got $50K Anyway — Here’s How You Can Too,https://www.distilledfunding.com/post/big-banks-said-no-henry-got-50k-anyway-here-s-how-you-can-too,5/26/2025
Team Building for Entrepreneurs: The No-BS Guide to Finding and Keeping People Who Don’t Suck,https://www.distilledfunding.com/post/team-building-for-entrepreneurs-the-no-bs-guide-to-finding-and-keeping-people-who-don-t-suck,5/20/2025
"Forget Passive Income—Here’s How Real Leaders Multiply Through Systems, Not Hope",https://www.distilledfunding.com/post/preferred-product-culture,5/12/2025
Build a Million-Dollar Agency From Scratch (Without the MLM Cringe),https://www.distilledfunding.com/post/build-a-million-dollar-agency,5/9/2025
"Team Building for the Misfits, Mavericks, and Rainmakers: How to Build a Business That Builds You Back",https://www.distilledfunding.com/post/team-building-for-the-misfits-mavericks-and-rainmakers-how-to-build-a-business-that-builds-you-ba,5/6/2025
Preferred Product Strategy: How to Stop Chasing Crumbs and Start Making Real Money,https://www.distilledfunding.com/post/preferred-product-strategy,5/2/2025
"Instant Micro Funding – Finally, a GPT That Gets It (and Gives It)",https://www.distilledfunding.com/post/instant-micro-funding-gpt,4/28/2025
Credit Sesame Review: The Financial Wingman Every Hustler Deserves (But Probably Doesn’t Know Exists Yet),https://www.distilledfunding.com/post/credit-sesame-review-the-financial-wingman-every-hustler-deserves-but-probably-doesn-t-know-exists,4/24/2025
How to Build Corporate Credit and Get Funded Without Touching Your Personal Score,https://www.distilledfunding.com/post/how-to-build-corporate-credit-and-get-funded-without-touching-your-personal-score,4/18/2025
🔥 How Dual Pricing Is Helping Small Business Owners Flip the Bird to Credit Card Fees 🔥,https://www.distilledfunding.com/post/how-dual-pricing-is-helping-small-business-owners-flip-the-bird-to-credit-card-fees,4/15/2025
Business Funding Agents: The Underdog Revolution That’s Stealing Real Estate’s Thunder,https://www.distilledfunding.com/post/business-funding-agents-the-underdog-revolution-that-s-stealing-real-estate-s-thunder,4/14/2025
Same Day Business Funding: The Game-Changer for Real Estate Investors and Side Hustlers,https://www.distilledfunding.com/post/same-day-business-funding-the-game-changer-for-real-estate-investors-and-side-hustlers,4/11/2025
"Banks Said No. Instant Micro Funding Said F*** It, Here’s $20K!",https://www.distilledfunding.com/post/banks-said-no-instant-micro-funding-said-f-it-here-s-20k,4/10/2025
Cash-Strapped and Overlooked? This Rebel Funding Source Bypasses Banks — And Actually Works!,https://www.distilledfunding.com/post/cash-strapped-and-overlooked-this-rebel-funding-source-bypasses-banks-and-actually-works,4/9/2025
Credit as Income: Turning Credit into Cash Flow,https://www.distilledfunding.com/post/credit-as-income-turning-credit-into-cash-flow,4/8/2025
Gator Lending with Pace Morby: How to Fund Your Hustle Without Begging the Bank,https://www.distilledfunding.com/post/gator-lending-with-pace-morby,4/4/2025
How to Eliminate Credit Card Fees Legally with Net Zero Payment Processing,https://www.distilledfunding.com/post/how-to-eliminate-credit-card-fees-legally-with-net-zero-payment-processing,3/28/2025
Is Your Real Estate Career Dead on Arrival? Here's the Better Alternative,https://www.distilledfunding.com/post/is-your-real-estate-career-dead-on-arrival-here-s-the-better-alternative,3/19/2025
Franchise Financing Review: Can ROK Financial Fund Your Business Dreams or Will It Leave You Broke & Bitter?,https://www.distilledfunding.com/post/franchise-financing-review-can-rok-financial-fund-your-business-dreams-or-will-it-leave-you-broke,3/17/2025
The Truth About Credit Builders: Which Ones Actually Help You Escape the Financial Hunger Games? (A Brutally Honest Review),https://www.distilledfunding.com/post/the-truth-about-credit-builders,3/14/2025
How to Secure the Best Business Acquisition Funding Solutions for Success,https://www.distilledfunding.com/post/business_acquisition_funding_solutions,3/10/2025
How to Become a Money Broker & Build a 6-Figure Business with No Experience,https://www.distilledfunding.com/post/how-to-become-a-money-broker-build-a-6-figure-business-with-no-experience,3/6/2025
Lima One Capital Review: The Loan Shark or the Lifeboat for Real Estate Investors?,https://www.distilledfunding.com/post/lima-one-capital-review-the-loan-shark-or-the-lifeboat-for-real-estate-investors,3/4/2025
401K Business Financing with Uplyft Capital: A Genius Move or a Financial Disaster?,https://www.distilledfunding.com/post/401k-business-financing-with-uplyft-capital-a-genius-move-or-a-financial-disaster,3/1/2025
Service Business Loans: Get the Cash You Need (Without Selling a Kidney),https://www.distilledfunding.com/post/service-business-loans-get-the-cash-you-need-without-selling-a-kidney,2/18/2025
What Every Entrepreneur Needs to Know About Acquisition Financing Options,https://www.distilledfunding.com/post/what-every-entrepreneur-needs-to-know-about-acquisition-financing-options,2/18/2025
Exploring the Impact of Fractional Financing on the Gig Economy: A Look at Loans for Gig Workers,https://www.distilledfunding.com/post/exploring-the-impact-of-fractional-financing-on-the-gig-economy-a-look-at-loans-for-gig-workers,2/17/2025
DSCR Loans: The Ultimate Hack for Real Estate Investors Who Don't Want to Beg Banks for Approval,https://www.distilledfunding.com/post/dscr-loans-the-ultimate-hack-for-real-estate-investors-who-don-t-want-to-beg-banks-for-approval,2/7/2025
How to Build a Successful Services Agency: Strategies for Scaling Your Money and Loan Broker Business,https://www.distilledfunding.com/post/how-to-build-a-successful-services-agency-strategies-for-scaling-your-money-and-loan-broker-busines,1/28/2025
How to Build a Recession-Proof Money Broker Business (and Help Others Along the Way),https://www.distilledfunding.com/post/money-broker-business,1/27/2025
20 FAQs About Starting Your Own Services Agency or Becoming an Affiliate Loan Broker,https://www.distilledfunding.com/post/20-faqs-about-starting-your-own-services-agency-or-becoming-an-affiliate-loan-broker,1/25/2025
Affiliate Loan Brokering: A Path to Financial Freedom and Personal Fulfillment,https://www.distilledfunding.com/post/affiliate-loan-brokering-a-path-to-financial-freedom-and-personal-fulfillment,1/24/2025
Are You Believing These 3 Business Funding Myths?,https://www.distilledfunding.com/post/3-business-funding-myths,1/23/2025
Unlocking Growth: The Power of Revenue-Based Funding for Ecommerce,https://www.distilledfunding.com/post/unlocking-growth-the-power-of-revenue-based-funding-for-ecommerce,1/22/2025
Unleash Your Earning Power: Creative Strategies for Gig Workers to Maximize Revenue-Based Financing,https://www.distilledfunding.com/post/unleash-your-earning-power-creative-strategies-for-gig-workers-to-maximize-revenue-based-financing,1/21/2025
Valpak Hustle: The Ultimate Strategy Every Freelancer and Gig Worker Needs to Know,https://www.distilledfunding.com/post/valpak-hustle-strategy,1/15/2025
From Dough to Dollars: Lessons from National Bagel Day for the Self-Employed,https://www.distilledfunding.com/post/from-dough-to-dollars-lessons-from-national-bagel-day-for-the-self-employed,1/15/2025
How to Finance an Acquisition Using an SBA Loan: Your Ultimate Guide,https://www.distilledfunding.com/post/how-to-finance-an-acquisition-using-an-sba-loan,1/14/2025
Are Fast Loans the Answer for Uber Drivers? Exploring Gig-Funding Options,https://www.distilledfunding.com/post/are-fast-loans-the-answer-for-uber-drivers-exploring-gig-funding-options,1/13/2025
Elevating Small Business Dreams: A Close Look at Uplyft Capital's Short-Term Loans,https://www.distilledfunding.com/post/elevating-small-business-dreams-a-close-look-at-uplyft-capital-s-short-term-loans,1/10/2025
How to Access Same-Day Revenue-Based Financing for Your Underserved Business and Unlock Growth Opportunities,https://www.distilledfunding.com/post/how-to-access-same-day-revenue-based-financing-for-your-underserved-business-and-unlock-growth-oppor,12/30/2024
Leadership for Entrepreneurs - Taking You and Your Team to the Next Level,https://www.distilledfunding.com/post/leadership-for-entrepreneurs-taking-you-and-your-team-to-the-next-level,12/18/2024
Cash Flow Lifelines: How Same-Day Funding is Transforming Gig Economy Finances,https://www.distilledfunding.com/post/cash-flow-lifelines-how-same-day-funding-is-transforming-gig-economy-finances,12/12/2024
Navigating Real Estate Investment: A Comprehensive Guide to Lima One Capital's Loan Products,https://www.distilledfunding.com/post/lima-one-capital-s-loan-products,12/9/2024
Finding the Best Unsecured Personal Loans for Startups: No Collateral? No Problem!,https://www.distilledfunding.com/post/finding-the-best-unsecured-personal-loans-for-startups-no-collateral-no-problem,12/6/2024
Which Funding Options are Best for Gig Workers? A Comprehensive Guide,https://www.distilledfunding.com/post/best-funding-for-gig-workers,12/5/2024
How Entrepreneurs Can Thrive with Hassle-Free Business Funding Solutions,https://www.distilledfunding.com/post/how-entrepreneurs-can-thrive-with-hassle-free-business-funding-solutions,12/5/2024
Unveiling the Trend: Creative Entrepreneurs Embracing the Exciting World of Alternative Financing,https://www.distilledfunding.com/post/unveiling-the-trend-creative-entrepreneurs-embracing-the-exciting-world-of-alternative-financing,12/4/2024
10 Funding Options for Side Hustles: Turning Your Passion into Profit,https://www.distilledfunding.com/post/10-funding-options-for-side-hustles,11/21/2024
The Future of Gig Economy Funding,https://www.distilledfunding.com/post/the-future-of-gig-economy-funding,11/19/2024
"The Power of Instant Micro Funding: Empowering Gig Workers, Freelancers, and Small Businesses",https://www.distilledfunding.com/post/the-power-of-instant-micro-funding,11/18/2024
"Top 3 Online Loan Options for All Credit Scores: PersonalLoans.com, BadCreditLoans.com, and CashUSA.com",https://www.distilledfunding.com/post/top-3-online-loan-options-for-all-credit-scores-personalloans-com-badcreditloans-com-and-cashusa,11/12/2024
How Upstart Medical Loans Can Help You Manage Unexpected Medical Expenses,https://www.distilledfunding.com/post/how-upstart-medical-loans-can-help-you-manage-unexpected-medical-expenses,11/7/2024
How SellersFi’s Working Capital Solutions Can Enhance Your eCommerce Cash Flow,https://www.distilledfunding.com/post/how-sellersfi-s-working-capital-solutions-can-enhance-your-ecommerce-cash-flow,11/1/2024
Unlock Financial Freedom with Upstart: Your Go-To Solution for Personal Loans,https://www.distilledfunding.com/post/unlock-financial-freedom-with-upstart,10/9/2024
Best Funding Options for Online Marketplaces: Secure Capital for Growth in 2024,https://www.distilledfunding.com/post/best-funding-options-for-online-marketplaces,10/3/2024
The Credit App Review: A Game-Changer for Business Owners,https://www.distilledfunding.com/post/the-credit-app-review,10/1/2024
How Strategic Activity Drives Business Growth: Insights from David Rutz,https://www.distilledfunding.com/post/how-strategic-activity-drives-business-growth-insights-from-david-rutz,9/25/2024
[Personal Recommendation] The BEST Program for Securing Business Funding,https://www.distilledfunding.com/post/best-program-for-securing-business-funding,9/16/2024
ZipplyLoan: Your Ultimate Solution for Fast and Convenient Personal Loans,https://www.distilledfunding.com/post/zipplyloan-your-ultimate-solution-for-fast-and-convenient-personal-loans,9/9/2024
"No Income? No Problem! 3 Banks Offering $100,000 in No-Doc Credit for New LLCs",https://www.distilledfunding.com/post/3-banks-100k-no-doc-credit,9/3/2024
Cannabis Funding 2024: Unlock Financial Opportunities in a Growing Industry,https://www.distilledfunding.com/post/cannabis-funding-2024-unlock-financial-opportunities-in-a-growing-industry,9/2/2024
Unlocking Business Funding with Your 401k,https://www.distilledfunding.com/post/unlocking-business-funding-with-your-401k,8/15/2024
Secure Up to $150K with 0% Interest: Unlock Business Growth with 7 Figures Funding,https://www.distilledfunding.com/post/0-interest-credit-stacking-with-7-figures-funding,7/31/2024
Exclusive Funding for Select Businesses: Exploring DAC's Select Funding,https://www.distilledfunding.com/post/select-funding,7/24/2024
Line of Credit vs. Business Credit Card: Which is Right for Your Business?,https://www.distilledfunding.com/post/line-of-credit-vs-business-credit-card-which-is-right-for-your-business,7/23/2024
Flexible Financing Solutions with Credibly’s Small Business Line of Credit,https://www.distilledfunding.com/post/credibly-s-line-of-credit,7/15/2024
Unlocking the Secrets to Securing a Startup Business Loan,https://www.distilledfunding.com/post/startup-business-loan-requirements,6/6/2024
"Bad Credit Loans: A Convenient Option for Emergency Funds Up To $10,000",https://www.distilledfunding.com/post/bad-credit-loans,5/30/2024
Fix and Flip Your Way to Financial Freedom: A Comprehensive Guide to ROK Financial's Fix-N-Flip Loans,https://www.distilledfunding.com/post/rok-financial-fix-n-flip,5/23/2024
Upstart: A New Way to Borrow for Those with Less-Than-Perfect Credit,https://www.distilledfunding.com/post/upstart-loans-review,5/15/2024
Zero-Interest Business Funding: The Smart Way to Fuel Growth in 2024,https://www.distilledfunding.com/post/zero-interest-business-funding,5/6/2024
Equipment Financing: A Smart Growth Strategy for Your Small Business,https://www.distilledfunding.com/post/what-is-equipment-financing,5/6/2024
Funding Your Startup Dreams: The Ultimate Guide to 2024's Top Options,https://www.distilledfunding.com/post/how-to-fund-new-business,5/2/2024
"Unlocking Growth Without Giving Up Equity: How Non-Dilutive Funding Powers SaaS, Ecommerce, and B2B Companies",https://www.distilledfunding.com/post/unlocking-growth-without-giving-up-equity,5/1/2024
Navigating Non-Dilutive Business Loans: A Smart Financial Strategy,https://www.distilledfunding.com/post/navigating-non-dilutive-business-loans,4/29/2024
Pros and Cons of Self-Funding Your Startup,https://www.distilledfunding.com/post/pros-and-cons-of-self-funding,4/26/2024
Supercharge Your DAC Affiliate Program: Strategies for Team Growth and Earning with David Allen Capital,https://www.distilledfunding.com/post/dac-affiliate-growth-strategies,4/22/2024
Unlocking Opportunities: Hard Money Lenders for Real Estate Investors,https://www.distilledfunding.com/post/new-silver-real-estate-loans,4/17/2024
Venture Capitalist Investor Mentality with Revenue Sharing in DAC Affiliate Program,https://www.distilledfunding.com/post/unlock-wealth-dac-affiliate-program,4/10/2024
Empowering Financial Growth: A Deep Dive into DAC's Affiliate Program and Services,https://www.distilledfunding.com/post/empowering-financial-growth-dac-affiliate-insights,3/29/2024
Unveiling the Layers of Credit Card Stacking: A Revolutionary or Risky Business Finance Strategy?,https://www.distilledfunding.com/post/altfinance-ep11,1/31/2024
Crack the Credit Code: 100 Points to Financial Freedom,https://www.distilledfunding.com/post/boost-your-credit-score-by-100-points,1/24/2024
Unlocking the Potential of SBA Loans for Business Growth,https://www.distilledfunding.com/post/altfinance-episode10,1/24/2024
Microloans: The Small Engines Driving Big Economic Transformations,https://www.distilledfunding.com/post/microloans-the-small-engines-driving-big-economic-transformations,1/22/2024
Navigating the Funding Frontier: Mastering Business Finance in 2024,https://www.distilledfunding.com/post/5-ways-to-fund-your-business-in-2024,1/18/2024
Acquisition Financing: Your Strategic Engine for Growth,https://www.distilledfunding.com/post/acquisition-financing-your-strategic-engine-for-growth,1/17/2024
Mastering ChatGPT Prompts: Innovating Loan Brokerage with AI,https://www.distilledfunding.com/post/mastering-chatgpt-prompts,1/16/2024
The Power of Creative Financing: How Entrepreneurs Overcome Financial Challenges,https://www.distilledfunding.com/post/the-power-of-creative-financing,1/2/2024
Instant Funding for Gig Workers (2026): Up to $20K Fast,https://www.distilledfunding.com/post/instant-funding-for-gig-workers,12/27/2023
Get $$$ FAST with Credibly? Small Biz Owner's DIRTY TRUTH about This Lender!,https://www.distilledfunding.com/post/credibly-review,12/19/2023
Navigating Ecommerce Funding: The Rise of Revenue-Based Financing,https://www.distilledfunding.com/post/navigating-ecommerce-funding-the-rise-of-revenue-based-financing,12/18/2023
How to Get Started as a Loan Broker: Your Guide to Success,https://www.distilledfunding.com/post/how-to-get-started-as-a-loan-broker,12/18/2023
Loan vs Line of Credit: Which is Better for Your Business? (FREE DOWNLOAD),https://www.distilledfunding.com/post/loan-vs-line-of-credit,12/12/2023
Term Loans Demystified: Long-Term Growth for Entrepreneurs,https://www.distilledfunding.com/post/term-loans-demystified,12/11/2023
"How to Connect with Investors in Minutes, Not Months: The Power of AI-Driven Outreach",https://www.distilledfunding.com/post/connect-with-investors,12/8/2023
How SaaS Companies Boost Growth with Revenue-Based Financing,https://www.distilledfunding.com/post/revenuebasedfinancing-lightercapital,12/4/2023
Tech Stack for Success: Must-Have Tools for Modern Loan Brokers,https://www.distilledfunding.com/post/tech-stack-for-success,11/27/2023
Unleashing the eCommerce Potential with SellersFi - An Honest Review,https://www.distilledfunding.com/post/sellersfi-review,11/21/2023
Harnessing ChatGPT: A Game-Changer for Loan Brokers | Unveiling the Future of Finance,https://www.distilledfunding.com/post/harnessing-chatgpt,11/20/2023
Navigating the Seas of eCommerce Funding – Insights from 'AltFinance: The Funding Frontier',https://www.distilledfunding.com/post/altfinance-ep3,11/20/2023
Instant Cash Flow: How Micro Funding is Revolutionizing the Gig Economy,https://www.distilledfunding.com/post/altfinance-ep2,11/13/2023
Unlocking Growth: The ABC's of Revenue-Based Financing,https://www.distilledfunding.com/post/abcs-of-revenue-based-financing,11/6/2023
Navigating the Waters: A Comprehensive Guide to Financing Your Dream Home in Mexico,https://www.distilledfunding.com/post/financing-home-in-mexico,10/31/2023
Unraveling the Intricacies of Rental Property Financing with Visio Lending: A Comprehensive Review,https://www.distilledfunding.com/post/visio-lending-review,10/31/2023
Unveiling the Broker’s Financial Palette: An In-depth Exploration into Loan Brokering,https://www.distilledfunding.com/post/funding-agency-podcast-ep4,10/30/2023
Empowering Financial Futures: A Look at Fundera by NerdWallet,https://www.distilledfunding.com/post/fundera-by-nerdwallet,10/26/2023
Broker Brilliance: Unlocking the Mindset of a Successful Loan Broker | The Funding Agency Ep. #3,https://www.distilledfunding.com/post/mindset-of-a-successful-loan-broker,10/25/2023
Unleashing Financial Freedom: A Review of 0% Credit Lines by 7 Figures Funding,https://www.distilledfunding.com/post/review-of-0-credit-lines,10/25/2023
Harness the Power of Summarized Video Content with tl;dv – Now with an Exclusive Discount!,https://www.distilledfunding.com/post/tldv-discount,10/18/2023
The Business Credit Builder: From Basics to Growth | Free Course,https://www.distilledfunding.com/post/how-to-build-business-credit,10/18/2023
Navigating The Financial Maze: Banks or Brokers for Your Business Funding?,https://www.distilledfunding.com/post/banks-or-brokers,10/17/2023
New Silver Real Estate Financing Review,https://www.distilledfunding.com/post/new-silver-real-estate-financing-review,10/12/2023
Best AI Credit Improvement Apps 2023: Top 10,https://www.distilledfunding.com/post/best-ai-credit-improvement-apps-2023,10/11/2023
Breaking Financial Barriers: The Rise of Alternative Financing for Startups with Moonshine Capital,https://www.distilledfunding.com/post/breaking-financial-barriers-the-rise-of-alternative-financing-for-startups-with-moonshine-capital,10/4/2023
Beyond Banks: Discover the Best Alternative Lending Platforms for Startups,https://www.distilledfunding.com/post/beyond-banks-discover-the-best-alternative-lending-platforms-for-startups,10/3/2023
Unveiling Brand Potential with Brand Therapy Coaching,https://www.distilledfunding.com/post/unveiling-brand-potential-with-brand-therapy-coaching,9/27/2023
Unlocking Financial Growth: A Closer Look at 7 Figures Funding,https://www.distilledfunding.com/post/unlocking-financial-growth-a-closer-look-at-7-figures-funding,9/26/2023
Mastering Credit Management: A Moonshine Capital Review of Credit Sesame,https://www.distilledfunding.com/post/mastering-credit-management-a-moonshine-capital-review-of-credit-sesame,9/20/2023
Fund or Foe? Navigating the Emotional Maze of Friends & Family Funding,https://www.distilledfunding.com/post/friends-family-funding,9/8/2023
Unlocking Growth: Revenue-Based Financing vs. Traditional Capital – A Game Changer for Entrepreneurs,https://www.distilledfunding.com/post/unlocking-growth-revenue-based-financing-vs-traditional-capital,8/1/2023
Exploring Fund&Grow's Card Stacking Membership,https://www.distilledfunding.com/post/exploring-fundandgrow-card-stacking,7/19/2023
Revenue-Based Financing: An Alternative to Venture Capital,https://www.distilledfunding.com/post/revenue-based-financing-an-alternative-to-venture-capital,7/18/2023
Harnessing the Power of Revenue-based Financing for Business Acquisition,https://www.distilledfunding.com/post/harnessing-the-power-of-revenue-based-financing-for-business-acquisition,7/5/2023
Mastering Corporate Credit: Your Essential Guide to Prepare and Build it Yourself,https://www.distilledfunding.com/post/mastering-corporate-credit,7/2/2023
How to Get Multiple Business Credit Cards: A Comprehensive Guide,https://www.distilledfunding.com/post/how-to-get-multiple-business-credit-cards-a-comprehensive-guide,7/1/2023
SaaS Funding: Raise Capital Without Giving Up Equity,https://www.distilledfunding.com/post/saas-funding-raise-capital-without-giving-up-equity,6/27/2023
Empowering Entrepreneurs: Uncapped's Founder-Friendly Revenue-Based Financing (RBF),https://www.distilledfunding.com/post/uncapped-revenue-based-financing,6/6/2023
"The Future of Home Financing: A Comparison of eMortgage, Warp Speed Mortgage, & OneTrust Home Loans",https://www.distilledfunding.com/post/the-future-of-home-financing,5/19/2023
Fund That Flip: A Trailblazer in Crowdfunded Real Estate Investing,https://www.distilledfunding.com/post/fund-that-flip-review,5/16/2023
Unveiling the Power of EquityNet: A Paradigm Shift in the Fintech Landscape,https://www.distilledfunding.com/post/unveiling-the-power-of-equitynet,5/12/2023
Ramp Corporate Card: A New Era of Fintech and Expense Automation,https://www.distilledfunding.com/post/ramp-corporate-card-review,5/10/2023
The Role of Revenue-Based Financing in the Fintech Revolution,https://www.distilledfunding.com/post/revenue-based-financing-in-fintech,5/9/2023
The Evolution of Revenue-Based Financing: From Origins to Modern Day Adoption,https://www.distilledfunding.com/post/the-evolution-of-revenue-based-financing-from-origins-to-modern-day-adoption,5/3/2023
How 'Warp Speed Mortgage' is Revolutionizing the Home Loan Industry,https://www.distilledfunding.com/post/warp-speed-mortgage-review,5/1/2023
Unlock Your Dream Home: The Ultimate Guide to OneTrust Home Loans,https://www.distilledfunding.com/post/onetrust-home-loans-review,4/17/2023
The Revolutionary Way to Build Credit Using a Debit Card,https://www.distilledfunding.com/post/the-revolutionary-way-to-build-credit-using-a-debit-card,4/11/2023
National Business Capital: Your One-Stop Shop for Funding Solutions,https://www.distilledfunding.com/post/national-business-capital-review,4/4/2023
Bad Credit? No Problem! A Review of BadCreditLoans.com,https://www.distilledfunding.com/post/review-of-badcreditloans,3/24/2023
Why You Shouldn't Use Your Own Money for Real Estate Investments,https://www.distilledfunding.com/post/why-you-shouldn-t-use-your-own-money-for-real-estate-investments,3/23/2023
The Future of Funding: Revenue-Based Financing Explained,https://www.distilledfunding.com/post/the-future-of-funding-revenue-based-financing-explained,3/21/2023
"Fundera Review: Pros, Cons, Qualifications, & Rates",https://www.distilledfunding.com/post/fundera-review,3/20/2023
Fast Funding for Small Businesses: An In-Depth Review of DAC,https://www.distilledfunding.com/post/review-of-dac,3/14/2023
Lifting Your Business Up with Uplyft Capital: A Comprehensive Review,https://www.distilledfunding.com/post/lifting-your-business-up-with-uplyft-capital-a-comprehensive-review,3/13/2023
"PersonalLoans.com Review: Pros, Cons, Qualifications, and Rates",https://www.distilledfunding.com/post/personalloans-com-review-pros-cons-qualifications-and-rates,3/1/2023
Need Cash? Compare These 5 Easily Approved Personal Loan Lenders,https://www.distilledfunding.com/post/5-easily-approved-personal-loan-lenders,2/15/2023
Revenue-Based Financing for SaaS Startups and Tech Companies,https://www.distilledfunding.com/post/revenue-based-financing-for-saas-startups,2/10/2023
SMB Compass Review: Financing Solutions for Small Businesses,https://www.distilledfunding.com/post/smb-compass-review-financing-solutions-for-small-businesses,2/1/2023
Exploring the Benefits and Risks of Nexo's Crypto-Backed Loans,https://www.distilledfunding.com/post/crypto-backed-loans-by-nexo-finance,1/19/2023
6 Popular Types of Business Financing Explained,https://www.distilledfunding.com/post/6-different-types-of-business-financing-explained,1/18/2023
What is Tradeline Credit?,https://www.distilledfunding.com/post/what-is-tradeline-credit,1/13/2023
Revolutionizing Credit Repair: How AI is Transforming the Industry,https://www.distilledfunding.com/post/revolutionizing-credit-repair,1/12/2023
10 of the Best Online Lenders to Get Funding for ANY Reason,https://www.distilledfunding.com/post/10-of-the-best-online-lenders,1/9/2023
7 of the Best Fintech Banking Apps Designed for Business,https://www.distilledfunding.com/post/6-fintech-banking-apps,1/3/2023
Best No Credit Check Card to Rebuild Credit | OpenSky Secured Visa Review,https://www.distilledfunding.com/post/review-of-opensky-secured-visa-credit-card-to-rebuild-credit,12/16/2022
How to Get Funding for a Business Consulting Company,https://www.distilledfunding.com/post/how-to-get-funding-for-a-business-consulting-company,12/9/2022
The Truth About Business Credit,https://www.distilledfunding.com/post/the-truth-about-business-credit,12/2/2022
Why Your Business Name is Critical to Funding,https://www.distilledfunding.com/post/why-your-business-name-is-critical-to-funding,11/21/2022
What are the Tiers of Business Credit?,https://www.distilledfunding.com/post/tiers-of-business-credit,11/17/2022
Q&A: Using a VA Loan to Purchase a Multi-Family Unit Property,https://www.distilledfunding.com/post/using-a-va-loan-to-purchase-a-multifamily-property,11/11/2022
Types of Unsecured Loans & Credit Cards Every Business Owner Should Know About,https://www.distilledfunding.com/post/types-of-unsecured-loans-credit-cards-every-business-owner-should-know-about,10/26/2022
Defining Non-QM Loans and How to Choose the Right One,https://www.distilledfunding.com/post/defining-non-qm-loans,9/2/2022
How To Fund Your Business Without A Loan,https://www.distilledfunding.com/post/no-loan-business-funding,9/1/2022
Regular Check-Ups & Long-Term Maintenance | Becoming Lendable (5 of 5),https://www.distilledfunding.com/post/becoming-lendable-5-of-5,8/26/2022
Inquiries: Checking Your Credit Can Hurt | Becoming Lendable (4 of 5),https://www.distilledfunding.com/post/becoming-lendable-4-of-5,8/25/2022
Killing Codes: Credit Bureaus Will Tell You What They Think Is Wrong | Becoming Lendable (3 of 5),https://www.distilledfunding.com/post/becoming-lendable-3-of-5,8/24/2022
Balance Is Key: Be Mindful of Your Balance-To-Limit Ratio | Becoming Lendable (2 of 5),https://www.distilledfunding.com/post/becoming-lendable-2-of-5,8/23/2022
The Past Is Important: Be Aware of Your Credit History | Becoming Lendable (1 of 5),https://www.distilledfunding.com/post/becoming-lendable-1-of-5,8/22/2022
The Nation's Leading Short-Term & Vacation Rental Lender,https://www.distilledfunding.com/post/leading-vacation-rental-lender,8/20/2022
Long-Term Rental Loans for Residential Investment Properties,https://www.distilledfunding.com/post/long-term-rental-loans,8/18/2022
What Is Roofstock & How Can It Help You Invest In Real Estate?,https://www.distilledfunding.com/post/what-is-roofstock,8/17/2022
7 Best Small Business Loan Options: Which Is Right For You?,https://www.distilledfunding.com/post/7-best-smb-loan-options,8/17/2022
How to Use Nav: Free Financing Profile Overview,https://www.distilledfunding.com/post/how-to-use-nav,8/11/2022
Top 7 Small Business Loans for Minorities,https://www.distilledfunding.com/post/top-7-small-business-loans-for-minorities,8/9/2022
Become A Small Business Investor Made Easy With Mainvest,https://www.distilledfunding.com/post/small-business-investor-mainvest,8/5/2022
Upstart Personal Loan Review: Is It The Right Loan For You?,https://www.distilledfunding.com/post/upstart-personal-loan-review,8/4/2022
What is Working Capital Financing? OnDeck Capital,https://www.distilledfunding.com/post/what-is-working-capital-financing,8/4/2022
A New Kind of Real Estate Financing with GROUNDFLOOR,https://www.distilledfunding.com/post/introducing-groundfloor,7/29/2022
How To Get Funding For Anything With 3 C's,https://www.distilledfunding.com/post/how-to-get-funding,7/22/2022
Grant Cardone - How To Leverage Debt | Transcript,https://www.distilledfunding.com/post/how-to-leverage-debt,7/20/2022
5 Things to Know About Virginia's New Financing Law,https://www.distilledfunding.com/post/5-things-to-know-about-virginia-s-new-financing-law,7/18/2022
7 Vendors to Build Business Credit With No Personal Credit Check or Guarantee,https://www.distilledfunding.com/post/7-vendors-to-build-business-credit,7/11/2022
Should I Buy Rental Real Estate with Debt? | Using Debt for Properties,https://www.distilledfunding.com/post/using-debt-for-properties,7/1/2022
Zero Interest Credit: Too Good To Be True?,https://www.distilledfunding.com/post/zero-interest-credit-too-good-to-be-true,6/21/2022
Is Now A Good Time To Get Started With Credit Card Borrowing?,https://www.distilledfunding.com/post/is-now-a-good-time-to-get-started-with-credit-card-borrowing,6/14/2022
Why Businesses Should Never Borrow Using Credit Cards,https://www.distilledfunding.com/post/why-businesses-should-never-borrow-using-credit-cards,6/7/2022
8 Steps To Buying Your First Rental Property,https://www.distilledfunding.com/post/8-steps-to-buying-your-first-rental-property,1/15/2022
Form Your FREE LLC or INC Today,https://www.distilledfunding.com/post/form-your-free-llc-or-inc-today,7/26/2021
Redefining The Joint Venture: Accelerating Innovation And Growth,https://www.distilledfunding.com/post/redefining-the-joint-venture-accelerating-innovation-and-growth,7/15/2021
COVID-19 Emergency Relief Act: Round 2?,https://www.distilledfunding.com/post/cares-act-round-2,12/19/2020
You Can Still Be Early To Bitcoin,https://www.distilledfunding.com/post/you-can-still-be-early-to-bitcoin,12/11/2020
Make Business Funding Cool Again,https://www.distilledfunding.com/post/make-business-funding-cool-again,10/10/2020
Don't Let Lack of Funding Be A Reason Your Business Fails,https://www.distilledfunding.com/post/don-t-let-lack-of-capital-be-a-reason-your-business-fails,9/29/2020
New service to help curate your best loan options,https://www.distilledfunding.com/post/creating-your-family-s-dream-home,9/29/2020
How Startup Funding Works [Infographic],https://www.distilledfunding.com/post/how-startup-funding-works,9/25/2020